id,category,sentiment,tweet_text
2573,Borderlands,Negative,This cricket has been the worst hivemind of fandom I have done this more times than I would love to be better if the Tarzan level in Kingdom Hearts is as bad as Borderlands.
2573,Borderlands,Negative,This cricket was the worst hive of fandom I've done more times than I'd like to if the Tarzan level in Kingdom Hearts was as bad as Borderlands.
2573,Borderlands,Negative,That cricket was the worst fennel fennel I've done more times than I'd like if Tarzan's level in the Kingdom of Hearts was as bad as Borderlands's.
2573,Borderlands,Negative,This cricket has been the worst hivemind of fandom I have said this more times than I would love to be counting if the Tarzan level in Kingdom Hearts is as strong as Borderlands.
2573,Borderlands,Negative,This cricket has been dubbed the worst single hivemind of game fandom I have certainly done this more times more than I or would love to be better if the Tarzan level in Kingdom Hearts is as bad there as Borderlands.
2573,Borderlands,Negative,This cricket already been the worst hivemind for fandom who have done this more times than I would love to be better if the Tarzan level in Eight Hearts is as bad with mine.
5332,Hearthstone,Negative,Noah Nothing new today. New rank at Royal Hearthstone. I played CS like everyday. I played Cricket Clash against Royale like everyday. So I was played Brawl for Stars like almost everyday. Jesus God how my life is so sad and boring.
5492,Hearthstone,Irrelevant,"21 As of today, i'm no longer part of Cricket @gaming_divided. I thank the org and my own teammates @SMOrcBE @PoieszTristan @RutgerTummers and our dreadhead Team for making the very amazing times. Wishing every and single lucky one of them the best moving game forward!!!"
11618,Verizon,Negative,"So AT&T, Sprint, T-mobile and Cricket are giving wifi access and uncapping wifi data during this national crisis @verizon are no where to been found. I will think twice about having them fire my provider"
11908,Verizon,Negative,"BREAKING: Major Cell Outages & Issues Reported across US.. . @downdetector.  reporting problems with AT&T , Verizon, Sprint, Cricket, FB and FB messenger"
11908,Verizon,Negative,"BREAKING: Major cell outages & problems reported in U.S.... @ downdetector reporting problems with AT & T, Verizon, Sprint, Cricket, FB and FB Messenger"
11908,Verizon,Negative,"BREAKING: Major Cell Outages Among Issues Reported by Arizona. @downdetector.  reporting problems with AT&T, Verizon, Sprint, Cricket, FB and FB messenger"
11908,Verizon,Negative,"BREAKING : Major Cell Banking Outages & Issues be Reported across US... with @downdetector. reporting consumer problems with AT & t T, Verizon, Sprint, Cricket, Bell FB and HP FB by messenger"
11908,Verizon,Negative,"BREAKING: Major Cell Outages & Traffic Reported with Comcast... @downdetector. having problems with I&T, Verizon, Sprint, Cricket, FB and FB and"
6019,FIFA,Negative,Cricket Switzerland opens criminal case investigation against FIFA boss Henry Infantino scooplive. org / from switzerland - op â¦
6398,FIFA,Positive,Goosebumps! Was only 6 at the time! Some memories of watching this WC in @railwaycricket clubhouse bar...
6398,FIFA,Positive,Goosebumps! Back then I was only 6! Some memories of this World Cup in the clubhouse bar of railwaycricket...
6398,FIFA,Positive,Goosebumps! Was only 11 at the time! Some memories of watching this video in @railwaycricket clubhouse bar...
6398,FIFA,Positive,Goosebumps! Was she only 6 at the early time! Some memories comes of watching me this WC drive in @railwaycricket clubhouse bar...
6398,FIFA,Positive,Goosebumps! Was only 3 half the time! Have memories of watching this WC in @railwaycricket clubhouse still...
2466,Borderlands,Positive,I am here... With Samsung that is full of homeworks. Away from ps4 and Samsung that won't play fort. And have 1700... Want psycho. Will get him. I am borderlands and Overwatch fan and he is Psycho and Junkratt
2466,Borderlands,Positive,"I'm here... with Samsung, that's full of homework. Away from PS4 and Samsung that won't continue to play. And have 1700... want Psycho. Will get him. I'm a frontier commuter and Overwatch fan and he's Psycho and Junkratt"
2466,Borderlands,Positive,"I'm here... With Samsung, which is full of home affairs. Away from F4 and Samsung that won't play fort. And have 1700... Want psycho. Want him. I am borderlands and Overwatch fan and he is Psycho and Jratt"
2466,Borderlands,Positive,I am here... With Samsung that is full of homeworks. Away from ps4 and Samsung that we play fort. And have 1700... Want psycho. Will get paid. I am borderlands and Overwatch s and he is Psycho... Awesome
2466,Borderlands,Positive,Now I am happy here... With Samsung that is full lots of homeworks. Be Away from ps4 and of Samsung that is won't the play fort. And have the 1700... Want psycho. Will get him. I am borderlands and Overwatch and fan and he said is Psycho and Junkratt
2466,Borderlands,Positive,I am here... and Samsung like is full fucking homeworks. Phone from ps4 and Samsung that has't play fort. will have 1700... Want psycho. Will have me. I am borderlands and Overwatch fan and this is Psycho and Junkratt
9390,Overwatch,Irrelevant,The Best Way to Protect the Samsung Galaxy Note10+ buff.ly/2zkjIhU  . .  
9390,Overwatch,Irrelevant,The best way to protect the Samsung Galaxy Note10 + buff.ly / 2zkjIhU.
9390,Overwatch,Irrelevant,The best way to protect Samsung Galaxy Note10 + buff.ly / 2zkjU.
9390,Overwatch,Irrelevant,The Best Way to Protect the Samsung Galaxy Note10+ buff.ly/2zkjIhU <unk> }
9390,Overwatch,Irrelevant,2010 The Best Way Book to Protect On the Samsung Galaxy Pocket Note10 + is buff. ly / 2zkjIhU..
9390,Overwatch,Irrelevant,The Best Way to Protect HD Samsung Galaxy HD+ HD.ly/2zkjIhU..
9422,Overwatch,Irrelevant,The Best Way to Protect the Samsung Galaxy Note10+ buff.ly/2zkjIhU  . .  
9422,Overwatch,Irrelevant,The best way to protect the Samsung Galaxy Note10 + buff.ly / 2zkjIhU.
9422,Overwatch,Irrelevant,The best way to protect Samsung Galaxy Note10 + buff.ly / 2zkjU.
9422,Overwatch,Irrelevant,The Best Way to Protect the Samsung Galaxy Note10+ buff.ly/2zkjIhU <unk> ^
9422,Overwatch,Irrelevant,The Best Perfect Way to Protect All the Planet Samsung Galaxy Note10 + By buff. ly / The 2zkjIhU..
9422,Overwatch,Irrelevant,The Easy Way Till Protect the Samsung Galaxy Note10+ Insurance.ly/2zkjIhU..
13032,Xbox(Xseries),Positive,"<unk>.. No, the PS5 wonât score anywhere near the graphics the Samsung Wii Sport 7: The images prove it - NotebookCheck.net News notebookcheck.net/No-the-PS5-won..."
4495,Google,Negative,@SamsungMobileUS I opened @Google Streetview on my Samsung and next thing my phone screen stopped working properly till now. Can y'all please explain
4495,Google,Negative,@ SamsungMobileUS I opened @ Google Streetview on my Samsung and next thing I know my phone screen was not working properly.
4495,Google,Negative,@ SamMobileUS I opened @ Google Streetview on my Samsung and now my phone screen has stopped working properly.
4495,Google,Negative,@SamsungMobileUS I opened @Google Streetview on my Samsung the next thing my phone screen stopped working properly till yesterday. Should y'all please explain
4495,Google,Negative,@SamsungMobileUS I opened @Google Streetview on from my expensive Samsung tablet and next thing my phone screen stopped working properly till late now. I Can this y'all please explain
4495,Google,Negative,@SamsungMobileUS We opened @Google Streetview on my Samsung and next thing my phone screen continued playing properly till 9:30. Can y'all ever explain
4625,Google,Neutral,"Anonymous. I am using FOUAD version of Samsung's app. and unable for take backup in Google drive, may u Support the"
4726,Google,Neutral,"[Stupid, stupid, stupid! We'll let smarter, cheaper and faster rivals do this. @TCL @ONN] @Google, @Apple, @Amazon @Samsung @Sony Home-bound users fume as video apps do not sync with TVs. news.trust.org/item/202003252â¦"
4726,Google,Neutral,"[Stupid, stupid, stupid! We let smarter, cheaper and faster rivals do that. @ TCL @ ONN] @ Google, @ Apple, @ Amazon @ Samsung @ Sony Home-bound users smoke because video apps don't sync with televisions. news.trust.org / item / 202003252..."
4726,Google,Neutral,"[Stupid, stupid, stupid! We'll let it be smarter, cheaper, and faster competitors. @ TCL @ ONN] @ Google, @ Apple, @ Amazon @ Samsung @ Sony Home-bound users fume as video applications do not syncing with fresh."
4726,Google,Neutral,"[Stupid, stupid, stupid! We'll let smaller, cheaper if faster rivals do this. @TCL @ONN] @Google, @Apple, @Amazon @Samsung @Sony Tor-bound users fume as TOR services are not sync with Facebook. news.trust.org/item/202003252â¦"
4726,Google,Neutral,"[ 5 Stupid, stupid, stupid! We'da ll let smarter, cheaper and faster rivals do this. @TCL @ONN ] @Google, 2nd @Apple, @Amazon @Samsung 3 @Sony Home - bound internet users fume as many video apps do to not sync with TVs. www news. trust. and org / item / 1 202003252 â¦"
6525,Fortnite,Irrelevant,@trvisXX sorry i called you a black skin in fortnite battle royale on my samsung galaxy phone
6525,Fortnite,Irrelevant,@ trvisXX sorry for calling you black skin in the fortnightly Battle Royale on my Samsung Galaxy phone
6525,Fortnite,Irrelevant,@trvisXX sorry just called you a black skin in fortnite battle royale on ur samsung galaxy phone
6525,Fortnite,Irrelevant,@trvisXX sorry i called you an a black leather skin boy in fortnite a battle royale on my samsung da galaxy phone
6525,Fortnite,Irrelevant,@trvisXX sorry i called you on death skin in a battle die on my samsung galaxy phone
6641,Fortnite,Irrelevant,The Best Way to Protect the Samsung Galaxy Note10+ buff.ly/2zkjIhU  . .  
6641,Fortnite,Irrelevant,The best way to protect the Samsung Galaxy Note10 + buff.ly / 2zkjIhU.
6641,Fortnite,Irrelevant,The best way to protect Samsung Galaxy Note10 + buff.ly / 2zkjU.
6641,Fortnite,Irrelevant,The Best Way to Use the Samsung Galaxy Note10+ buff.ly/2zkjIhU <unk>.
6641,Fortnite,Irrelevant,2012 The Best Way Forward to Protect the Galaxy Samsung Galaxy Samsung Note10 + buff. ly / by 2zkjIhU..
8284,Microsoft,Positive,This is a great tool. I love the Samsung Electronics and Microsoft partnership! .  ttps://lnkd.in/gx-f-Zm lnkd.in/gBcHDGK
8284,Microsoft,Positive,I love the partnership between Samsung Electronics and Microsoft!. ttps: / / lnkd.in / gx-f-Zm lnkd.in / gBcHDGK
8284,Microsoft,Positive,This is a great tool. I like the Samsung-Microsoft partnership!. ttp: / / kinin / gx-f-Zm-kinin / gBcGK
8284,Microsoft,Positive,This just a simple tool. I love you Samsung Electronics / Microsoft partnership!.  ttps://lnkd.in/gx-f-Zm lnkd.in/gBcHDGK
8284,Microsoft,Positive,This one is still a great tool. I love the current Samsung Smart Electronics and Microsoft software partnership!. ttps : / / 12 lnkd. in / gx - f - 6 Zm of lnkd. in / 6 gBcHDGK
8284,Microsoft,Positive,Studio is a great tool. Also applaud the Samsung Film World Digital partnership!. ttps://lnkd.in/gx-f-Zm lnkd.in/gBcHDGK
8312,Microsoft,Negative,@Microsoft Why do I pay for WORD when it functions so poorly on my @SamsungUS Chromebook? . 
8312,Microsoft,Negative,@ Microsoft Why do I pay for WORD when it works so poorly on my @ SamsungUS Chromebook?.
8312,Microsoft,Negative,The @Microsoft Why do I not pay for WORD when when it functions like so fucking poorly on my @SamsungUS Chromebook?.
8312,Microsoft,Negative,@Microsoft what do I pay the WORD when English is so poorly on my @SamsungUS Chromebook?.
10105,PlayerUnknownsBattlegrounds(PUBG),Neutral,"Liked on YouTube: Samsung Galaxy Note10 Smartphones Unboxing - Fortnite Battle Royale, Minecraft, PUBG buff.ly/32au6p2 buff.ly/348B6of https://t.co/lbc4oQdMci"
10105,PlayerUnknownsBattlegrounds(PUBG),Neutral,"Popular on YouTube: Samsung Galaxy Note10 Smartphones Unboxing - Fortnite Battle Royale, Minecraft, PUBG buff.ly / 32au6p2 buff.ly / 348B6of https: / / t.co / lbc4oQdMci"
10105,PlayerUnknownsBattlegrounds(PUBG),Neutral,"Liked on YouTube: Samsung Galaxy Note10, Unboxing - Battle Royale, Minecraft, PUBG buff.ly / 32au6p2 buff.ly / 348B6of"
10105,PlayerUnknownsBattlegrounds(PUBG),Neutral,"Liked on Instagram: Samsung Mi Note10 Smartphones Unboxing + Fortnite Battle Royale, Minecraft, video buff.ly/32au6p2 buff.ly/348B6of https://t.co/lbc4oQdMci]"
10105,PlayerUnknownsBattlegrounds(PUBG),Neutral,"Liked in on... YouTube : Samsung Galaxy Note10 Smartphones TV Unboxing - Fortnite The Battle Prize Royale, Minecraft, PUBG B buff. ly / 32au6p2 HD buff. z ly / 8 348B6of 1 https://t.co/lbc4oQdMci ]"
10105,PlayerUnknownsBattlegrounds(PUBG),Neutral,"Liked on YouTube: Samsung Galaxy Samsung Special Unboxing - Star Court Royale, Minecraft, PUBG Review.ly/32au6p2 review.ly/348B6of<unk>]"
11658,Verizon,Neutral,Samsung Electronics Wins $6.6 Billion Verizon Order For NetworkÂ Equipment rwinkle.com/2020/09/07/samâ¦
11658,Verizon,Neutral,Samsung Electronics wins $6.6 billion Verizon contract for network equipment rwinkle.com / 2020 / 09 / 07 / sam...
11658,Verizon,Neutral,Samsung wins $6.6 billion from Verizon in order for network equipment rwind.com / 2020 / 09 / 07 /...
11658,Verizon,Neutral,Samsung Electronics Wins $6.6 Billion Verizon Order from Nokia rwinkle.com/2020/09/07/samâ¦
11658,Verizon,Neutral,Samsung Consumer Electronics Wins $ 6. 6 Billion for Verizon Order For Network and Equipment rwinkle. com / 2020 / 09 / 31 07 / 2011 sam â¦
11917,Verizon,Neutral,"There's times when I miss the old no-cell-phone days.. . Could leave the house & ACKSHULLY leave the f'n house, and get away from everything & everybody for a while.. . Now - Verizon/Samsung Prison - 24/7.. . Ma Bell never contacted my ass on the road... . I like a cord on a dam phone.!"
11917,Verizon,Neutral,There are times when I miss the old days without a cell phone... I could leave the house and leave the f'n house ACKSHULLY and get away from everything and everyone for a while... Now - Verizon / Samsung Prison - 24 / 7... Ma Bell never contacted my ass on the street... I like a cable on the dam phone.
11917,Verizon,Neutral,"There's times when I miss the old no-cell-phone days... Could leave the house & ACKSHULLY leave the f'n house, and get away from everything & everyone for a while... Now - Verizon / Samsung Prison - 24 / 7... Ma Bell never contact my ass on the road.... I like a cord on a dam phone.!"
11917,Verizon,Neutral,"There's times when you treasure the old no-cell-phone days... Could leave the house & ACKSHULLY leave the f'n house, and walked away from everything & anywhere in a while.. â¦ Now - Verizon/Samsung Prison - 25/7... Ma Bell never contacted my ass on the road.... I like a cord on a dam phone.!"
11917,Verizon,Neutral,"There's times when I miss the boring old no - charge cell - cell phone days... Could 2 leave the house & ACKSHULLY leave the f'n house, somehow and get away from everything & everybody for such a while... Now - Verizon / Samsung Prison - 24 / 7... Ma Bell never contacted my ass yesterday on really the road.... I like a cord on a fucking dam wall phone.!"
11917,Verizon,Neutral,"those's times when I miss out good no-cell-phone time... Just leave the house & ACKSHULLY leave the f'n house, Just get away v someone & everything for a while... Now - Verizon/Samsung Prison - 24/7... Ma Bell never contacted my ass in the road.... I like a cord on a dam phone.!"
6824,johnson&johnson,Neutral,"China Closes Foxconn, Johnson & Johnson, And Samsung Factories Amid Virus Outbreak truepundit.com/china-closes-fâ¦"
6824,johnson&johnson,Neutral,"China shuts down Foxconn, Johnson & Johnson and Samsung factories amid virus outbreak truepundit.com / china-closes-f..."
6824,johnson&johnson,Neutral,"China closes Foxconn, Johnson & Johnson, and Samsung Factories Amid..."
6824,johnson&johnson,Neutral,"China Close Foxconn, Johnson & Johnson, And Samsung Factories Amid Virus Roundup 101.com/china-closes-fâ¦"
6824,johnson&johnson,Neutral,"China Medical Closes Foxconn, South Johnson & West Johnson, China And Samsung Factories to Amid Virus Outbreak truepundit. via com / Sino china - closes - f â¦"
6824,johnson&johnson,Neutral,"China Value Foxconn, Johnson & Reed, Buy Samsung Factories Patent Virus at truepundit.com/china-closes-f..."
6828,johnson&johnson,Neutral,"China Closes Foxconn, Johnson & Johnson, And Samsung Factories Amid Virus Outbreak activistpost.com/2020/01/china-â¦ via @activistpost"
6828,johnson&johnson,Neutral,"China to close Foxconn, Johnson & Johnson and Samsung factories amid virus outbreak activistpost.com / 2020 / 01 / china-... via @ activistpost"
6828,johnson&johnson,Neutral,"China shuts down Foxconn, Johnson & Johnson and Samsung Factories Mid Outbreak activistpost.com / 2020 / 01 / china-... via @ activistpost"
6828,johnson&johnson,Neutral,"Beijing China Silicon Closes Foxconn, Sony Johnson & Johnson, Google And Samsung Noise Factories Amid Chemical Virus Outbreak At activistpost. or com / 2020 / 01 / china - â¦ via @activistpost"
6828,johnson&johnson,Neutral,"China Closes Foxconn, Blair and Brown, And Samsung Take China Virus Outbreak activistpost.com/2020/01/china-... via via"
6999,johnson&johnson,Neutral,"China ClosesÂ Foxconn, Johnson & Johnson, And Samsung Factories Amid Virus OutbreakÂ  libertarianhub.com/2020/01/27/chiâ¦ https://t.co/cLTmh7bC2m"
6999,johnson&johnson,Neutral,"China shuts factories of Foxconn, Johnson & Johnson and Samsung amid virus outbreak libertarianhub.com / 2020 / 01 / 27 / chi... https: / / t.co / cLTmh7bC2m"
6999,johnson&johnson,Neutral,"China closes Foxconn, Johnson & Johnson and Samsung Factories Mid Outbreak libertarianhub.com / 2020 / 01 / 27 / chi..."
6999,johnson&johnson,Neutral,"China Tobacco, Dow & Johnson, And Samsung Factories Following Virus OutbreakÂ  libertarianhub.com/2020/01/27/chiâ¦ https://t.co/cLTmh7bC2m]"
6999,johnson&johnson,Neutral,"China Closes to Foxconn, Johnson & Mead Johnson, Denver And Beyond Samsung Factories have Amid China Virus Outbreak libertarianhub. com / May 2020 / 01 / April 27 / chi â¦ or https://t.co/cLTmh7bC2m ]"
6999,johnson&johnson,Neutral,"Buy Yahoo Facebook, Johnson But Johnson, And Samsung Factories Cancer Virus by libertarianhub.com/2020/01/27/chi... https://t.co/cLTmh7bC2m]"
8999,Nvidia,Irrelevant,i really regret buying a motherboard from Samsung after the shady shit they've pulled recently
9059,Nvidia,Positive,more picture of Samsung. The Folding@Home distributed folder network has automatic CUDA support. watchbha.xyz/another-succes...
9075,Nvidia,Positive,Samsung is guilty of copying NVIDIA
9075,Nvidia,Positive,Samsung guilty of copying NVIDIA
9075,Nvidia,Positive,Samsung guilty of copying NVIDIA
9075,Nvidia,Positive,Samsung is wary of copying NVIDIA
9075,Nvidia,Positive,Samsung is still guilty of the copying NVIDIA
4043,CS-GO,Positive,. CSGO.  MM crazy rounds! twitch.tv/hitmanstylez
4043,CS-GO,Positive,CSGO. MM crazy rounds! twitch.tv / hitmanstylez
4043,CS-GO,Positive,. CSGO.  MM crazy rounds! twitch.tv/hitmanstylez
4043,CS-GO,Positive,... . CSGO.  MM crazy rounds! twitch.tv/hitmanstylez
6080,FIFA,Negative,YEAH BOIIIIIIIII 99 Messi AND 99 Ronaldo... Shame it is the very end of the game cycle!. 
6080,FIFA,Negative,YEAH BOIIIIIIII 99 Messi AND 99 Ronaldo... Too bad it is the end of the game cycle!.
6080,FIFA,Negative,YEAH BOIIIIIIIII 99 Messi and 99 Ronaldo... It is a shame that this is the very end of the game cycle!.
6080,FIFA,Negative,YEAH BOIIIIIIIII 99 * AND 99 Ronaldo... Shame it is the very end of their game cycle!.
6080,FIFA,Negative,AND YEAH IS BOIIIIIIIII 99 Messi AND 99 Ronaldo... Shame as it is the very basic end moment of the game play cycle!.
6080,FIFA,Negative,YEAH BOIIIIIIIII 13 99 87 99 Ronaldo... Shame it happened the very end of the game cycle!.
6154,FIFA,Irrelevant,Career trophies : . Messi :36. Ronaldo:29. . Golden boots:. Messi: 6. Ronaldo:4. . Messi is top goal scorer and top assist In la liga. . League titles:. Messi:6. Ronaldo:4. . Messi FIFA world player of the year:6. . Messi 1000 goal and assist contribution at 32.. .  
6154,FIFA,Irrelevant,Career trophies:. Messi: 36. Ronaldo: 29. Golden Boots:. Messi: 6. Ronaldo: 4. Messi is top scorer and top assistant in the league.. League titles:. Messi: 6. Ronaldo: 4. Messi FIFA World Player of the Year: 6. Messi 1000 goal and assist contribution at 32...
6154,FIFA,Irrelevant,"Trophies Career:. Messi: 36. Ronaldo: 29.. Golden Boots:. Messi: 6. Ronaldo: 4.. Messi is the top scorer and best assistant in La Liga.. League titles:. Messi: 6. Ronaldo: 4.. Messi FIFA Player of the Year: 6.. Messi 1,000 goals and assists in 32..."
6154,FIFA,Irrelevant,Career trophies : Juan Messi 1. Ronaldo:29.. Golden Cups:. Messi: 14. Ronaldo:4.. Messi is top goal scorer and top assist In la liga. Gold Slam titles:. Jorge:6. Ronaldo:4.. Messi FIFA world player of the year:6.. Messi 1000 goal and assist contribution at 32...
6154,FIFA,Irrelevant,Career club trophies :. Messi : 36. Ronaldo : 29.. Golden coloured boots :. Lorenzo Messi : 6. Ronaldo : 4.. Messi is named top goal scorer and top assist In la liga.. League club titles :. Messi : 6. Ronaldo : 4.. Football Messi FIFA world player of the year : at 6.. Messi 1000 goal scoring and assist assists contribution list at 32...
6154,FIFA,Irrelevant,Career trophies :. Messi :36. Suarez:29.. Golden caps:. Messi: 1. Ronaldo:4.. Messi 2008 top goal scorer and top assist for la liga.. League titles:. Chelsea:6. Arsenal:4.. Messi FIFA world player for the sport:6.. Messi 1000 goal and assist stands at 32...
6377,FIFA,Negative,The kid who sent vile racist abuse to Ian Wright apparently did so because he packed Wrighty and not Ronaldo in an SBC on @EASPORTSFIFA . You know and also being a massive racist underneath.. . It is no surprise however that what brought it to the surface is FIFA.
6377,FIFA,Negative,"The kid who sent vile racist abuse to Ian Wright apparently did so because he put Wrighty, not Ronaldo, in a SBC on @ EASPORTSFIFA. You know, he's a massive racist too... but it's no surprise that what has brought him to the surface is FIFA."
6377,FIFA,Negative,"The kid who sent a disgusting racist rant at Ian Wright must have done it because he packed, not Ronaldo, into the SBC at @ EASPORTSFIFA. You know, and being a massive racist underneath... No wonder, however, that what brought this to the surface is FIFA."
6377,FIFA,Negative,The kid who sent vile racist abuse to Ian Wright apparently did so because he packed Wrighty and not Ronaldo performing an SBC on @EASPORTSFIFA. You know about also being a bloody racist underneath... It is no loss however knowing what brought it to the surface is FIFA.
6377,FIFA,Negative,The kid who sent vile racist abuse to Ian Wright apparently did doing so because he packed Wrighty about and not allow Ronaldo in making an SBC appearance on @EASPORTSFIFA. You know why and also being to a massive former racist underneath... It is no surprise however that what brought it to onto the surface which is FIFA.
6377,FIFA,Negative,The player who sent vile racist abuse to Ian Wright apparently doing so because he packed Wrighty and not Ronaldo on his SBC branded @EASPORTSFIFA. You know and also being that massive racist underneath... It is no surprise however where what brought them to a surface is FIFA.
6832,johnson&johnson,Positive,Imagine Johnson & Johnson (Sudafed) would be too happy about this either. Now imagine Messi & Ronaldo playing in a same team
6832,johnson&johnson,Positive,"Imagine if Johnson & Johnson (Sudafed) were happy about that, too, and now imagine Messi & Ronaldo playing in the same team."
210,Amazon,Negative,"why is technology so hard to not find shit online on amazon, I want buy shit but I refuse to buy through amazon. I made a coffee mishap cause I need a new kettle, but you could go to irl store fronts that, urggg no its not a problem really, just think that avoiding amazon is so hard"
303,Amazon,Negative,"Microsoft (Amazon and IBM)bans police from using facial recognition software, but it will sell the same software (if they could) to Saudia Arabia, China, and other police states.. washingtonpost.com/technology/202â¦"
303,Amazon,Negative,"Microsoft (Amazon and IBM) bans police from using facial recognition software, but it will sell the same software (if it could) to Saudi Arabia, China and other police states.. washingtonpost.com / technology / 202..."
303,Amazon,Negative,"Microsoft (Amazon and IBM) prohibits the police from using facial recognition software, but it will sell the same software (if it can) to Saudi Arabia, China and other police states.. washingtonpost.com / technology / 202..."
303,Amazon,Negative,"Microsoft Services and IBM)bans police actions using facial recognition software, but it already sell the same tech (if they could) to Saudia Arabia, China, and other police states.. washingtonpost.com/technology/202â¦"
303,Amazon,Negative,"Microsoft ( Amazon and IBM ) also bans Muslim police from using facial recognition training software, but it will sell the same safe software ( if they could ) to Saudia Arabia, China, Syria and into other Arab police states.. washingtonpost. de com / the technology / 202 days â¦"
303,Amazon,Negative,"Microsoft (Amazon and Microsoft)bans police from US video recognition software, but they will sell other same software (if they could) to South Arabia, China, over other police worldwide.. washingtonpost.com/technology/202..."
12851,Xbox(Xseries),Neutral,"Holy shit. I am so blown away by the technology in Xbox Series X, as shown by this excellent video by @digitalfoundry but then I realize the Xbox has so few exclusives, and then thereâs few I like... reality comes crashing down hard.... youtu.be/qcY4nRHapmE"
12851,Xbox(Xseries),Neutral,"Holy shit. I'm so overwhelmed by the technology of the Xbox Series X, as this excellent video from @ digitalfoundry shows, but then I realize that the Xbox has so little exclusivity, and then there are few I like... reality collapses hard.... youtu.be / qcY4nRHapmE"
12851,Xbox(Xseries),Neutral,"Holy crap. I'm so blown away by the technology in Xbox Series X, as this great video from @ digfoundry shows, but then I realize that Xbox has so few exclusives, and then not much I like... the reality is falling apart... youtu.be / qcY4nRHappmE"
12851,Xbox(Xseries),Neutral,"Holy shit. I am so blown out by the technology in Xbox Series X, as shown above this new video by @digitalfoundry but then I realized the Xbox has so few exclusives, because then thereâs few I like... reality come crashing down hard.... youtu.be/qcY4nRHapmE"
12851,Xbox(Xseries),Neutral,"Holy shit. I am so blown away by the technology in its Xbox Collection Series X, as shown by this excellent photography video by Bill @digitalfoundry but then I realize the Xbox has so few online exclusives, but and then maybe there really â s few I should like... reality comes crashing down hard.... youtu. be / x qcY4nRHapmE"
12851,Xbox(Xseries),Neutral,"Holy shit. I am so blown away by the technology within Arena Series X, proudly shown via this excellent review by @digitalfoundry but then I realize the Xbox is really few exclusives, back then so few I like... reality comes crashing down because.... youtu.be/qcY4nRHapmE"
12865,Xbox(Xseries),Positive,"For me, as a technology enthusiast, it's the potential of DXR and VRS with an RDNA2 12TF graphics processor."
12876,Xbox(Xseries),Neutral,"BBC News - Halo Infinite Xbox Series X trailer divides fans bbc.co.uk / news / technology... However, some gamers have expressed disappointment on social media with the quality of the graphics shown in the demo."
12957,Xbox(Xseries),Irrelevant,The FULL discountgadgets.co.uk Consumer Technology Daily! paper.li/discountgadgetâ¦ Thanks to @VandijConsult @z4mp1 â
13090,Xbox(Xseries),Neutral,"The LATEST on Kickstarter, for all the game technology fans out there! Fantastic video and good work @JezCorden. .. Support our video guys!. Video Hands-on: Project xCloud and Xbox Game Streaming app of PC youtu.be/SiJQ95Ch6Hk https://t.co/uhHy6JLCgg]"
12475,WorldOfCraft,Positive,"Well, extra heavy leech and haste Meta was fun while it lasted, but after I'm sure glad more chaotic transformation technology is coming with us as a baseline. ( 7 Hopefully Warrior and other Rogue Power mains / Guardian purists will have a chill pill session now.. )"
12500,WorldOfCraft,Positive,This amazing demonstration by @Blizzard_Ent shows all the technology to experience in the Age of N'Zoth expansion!. .  media.com/news=306796/viâ¦ via @Wowhead
12612,WorldOfCraft,Positive,"If they made a movie with the same technology as their cinematics, they would start an epic movie franchise that would last for a long ass time."
12612,WorldOfCraft,Positive,"If they made a film with the same technology as their cinematography, they would start an epic series that would last a long time."
12612,WorldOfCraft,Positive,"If they had made a film using the same technology as their cinema, they would have launched an epic film franchise that would have lasted a long time."
12612,WorldOfCraft,Positive,"If they made a movie with the existing technology as their cinematics, they would start an epic movie franchise that would continue for a live ass time."
12612,WorldOfCraft,Positive,"If they only made a movie with the same technology as on their film cinematics, they would start an epic movie or franchise that really would last for a long ass chewing time."
12660,WorldOfCraft,Irrelevant,"This is a really cool read, and is a great new example of why I â about m a gamer. Gaming can automatically delve into so many everyday social, economic, philosophical and biological related issues and most people don â and t even realize it. Even some technology companies use their VR for trainings now."
29,Amazon,Neutral,Google One hundred of the 10 most popular deals at Apple Amazon today was on the original Garmin Forerunner 645 which is still under $ 220 - amzn. to / kg 3147hFA..
81,Amazon,Neutral,"Amazon Best Sellers : Best 2 in 1 Laptop Open Computers.. Acer or Spin II 11 to 2 - in - 1 Convertible 11. 6 "" Media HD on Touchscreen on WLED - Backlit Chromebook, Intel Celeron N3350 Processor, 4GB Memory, 32GB eMMC, Bluetooth, Apple WiFi, Webcam, Google Android Chrome OS OS, Obsidian Black.. â¦ ift. tt / 2S0OdDA"
92,Amazon,Neutral,Google and Apple remain incapable of challenging Amazonâs smart speakerÂ dominance tech.dsmenders.com/google-and-appâ¦ https://t.co/QtzaFAcgKu
92,Amazon,Neutral,Google and Apple continue to be unable to challenge Amazon's dominance in smart speakers tech.dsmenders.com / google-and-app... https: / / t.co / QtzaFAcgKu
92,Amazon,Neutral,Google and Apple remain unable to challenge Amazon's dominance in the field of smart speakers tech.menders.com / google-and-app...
92,Amazon,Neutral,Google and Apple remain mum on challenging Amazonâs smart speakerÂ dominance tech.dsmenders.com/google-and-appâ¦ 1]
92,Amazon,Neutral,because Google Earth and Big Apple currently remain incapable of challenging Amazon lines â Amazon s smart speaker dominance tech. dsmenders. com / google - and - app â¦... https://t.co/QtzaFAcgKu ]
136,Amazon,Negative,"fyi, your algorithms are failing to award credit. . Despite the actual credit that I have, because I have never subjugated myself to the system. . Amazon won't even lend me $$ at 27%. Think about that!. . Apple won't either. . Everyone already knows @Equifax is compromised, so . ð¤. ð¤³. ð¤·. â.  pic.twitter.com/1tNmB1pVOW"
136,Amazon,Negative,"fyi, your algorithms fail in lending.. Despite the actual credit I have because I never submitted to the system.. Amazon won't even lend me $$$to 27%. Think about it!.. Apple won't either... Everyone already knows that @ Equifax is compromised, so.... pic.twitter.com / 1tNmB1pVOW"
136,Amazon,Negative,"Think about it!... Apple won't give either.... Everyone already knows that @ Equifax is a kompromat, so..... pic.factNmB1pVOW..........................................................................."
136,Amazon,Negative,"fyi, your algorithms are failing to award credit. . Despite the actual credit that I have, because I have never subjugated myself to the system. . Amazon won't even lend me $$ at 27%. Think about that!. . Apple won't either. . Everyone already knows RhandlerR is compromised, so . ð¤. ð¤³. ð¤·. â.  pic.twitter.com/1tNmB1pVOW"
136,Amazon,Negative,"and fyi, your algorithms are failing to award credit. . Despite the actual credit that I have, because I have never subjugated myself to the system. . Amazon won't even lend me $$ at 27%. Think about that!. . Apple won't either. . Everyone already knows RhandlerR is compromised, so . ð¤. ð¤³. ð¤·. â.  pic.twitter.com/1tNmB1pVOW"
193,Amazon,Neutral,"PERFECT QUESTIONS -------------. . Amazon, Apple will all go down when we have a big bear market:  Jim Rogers ecoti.in/UN4Osb via @economictimes"
193,Amazon,Neutral,"PERFECT QUESTIONS -------------.. Amazon, Apple will all perish if we have a big bear market: Jim Rogers / UN4Osb via @ economictimes"
193,Amazon,Neutral,"PERFECT QUESTIONS -------... Amazon, Apple all fall when we have a big bear market: Jim Rogers ecoti.in / UN4Osb via @ ctimes"
193,Amazon,Neutral,"PERFECT QUESTIONS -------------.. Amazon, Apple We all get down when we see a big bear Macro:  Jim Rogers ecoti.in/UN4Osb via @economictimes"
193,Amazon,Neutral,"PERFECT 3 QUESTIONS - - - - - - - - - - - - -.. Amazon, Apple will all likely go way down when we truly have reached a bigger big bear market : by Jim Rogers ecoti. and in / u UN4Osb via William @economictimes"
193,Amazon,Neutral,"PERFECT QUESTIONS -------------.. Amazon, Apple will always come down after they experience our big bear market: Jim Palmer via.in/UN4Osb via @economictimes"
196,Amazon,Negative,Between apple & amazon ion know who the worst when it comes to taking my damn money
196,Amazon,Negative,Between Apple and Amazon ions know who's worst when it comes to taking my damn money
10222,PlayerUnknownsBattlegrounds(PUBG),Negative,There is a bug from Survivor season 3 that makes the game settings reset and if even the private internet link got disconnected mid game.. And well it has still exists on till now in ps4.. I'm uninstalling about this shit game if this has happend one more time... @PUBG. @PLAYERUNKNOWN
3241,Facebook,Irrelevant,Watch a recording on Facebook of last nightâs excellent  . . âSenator Ed Markey - Survivors of the coronavirus show symptoms of ME/CFSâ  . . facebook.com/EdMarkeyforMA/â¦
3241,Facebook,Irrelevant,"""Senator Ed Markey - Survivors of Coronavirus Show Symptoms of ME / CFS."" facebook.com / EdMarkeyforMA /..."
3241,Facebook,Irrelevant,Watch original recording on Facebook of last nightâs excellent .. âSenator Ed Markey â Survivors through the flooding show symptoms of HF/CFSâ .. facebook.com/EdMarkeyforMA/â¦
3241,Facebook,Irrelevant,you Watch a recording from on My Facebook of last night â it s the excellent.. â Former Senator in Ed Markey - Survivors of the coronavirus show symptoms of multiple ME / CFS and â.. facebook. com / 2018 EdMarkeyforMA / â¦
3241,Facebook,Irrelevant,Watch every recording on Facebook for last month excellent.. About Ed Markey - Survivors of rogue coronavirus at recovery of ME/CFSâ.. at.com/EdMarkeyforMA/...
2698,Borderlands,Neutral,Borderlands 3: Was the Season Pass Worth It? | Game Rant ift.tt/3hP02GU  
2698,Borderlands,Neutral,Borderlands 3: Was the season ticket worth it? | Game Rant ift.tt / 3hP02GU
2698,Borderlands,Neutral,Borderlands 3: Was This Season Pass Worth It? | Game Rant ap.tt/3hP02GU
2698,Borderlands,Neutral,Borderlands Book 3 : How Was the Short Season Pass Worth It? | Game Rant ift. co tt / http 3hP02GU
2698,Borderlands,Neutral,Borderlands 3: Make the Season Pass Worth<unk>? | Game Rant 2011.tt/3hP02GU
2757,Borderlands,Negative,@Borderlands @GearboxOfficial @DuvalMagic @ProdigyXL . This doesnât look right. At all. Why am I just noticing this now? Shouldnât the payouts be better in M4? Or are these typos. pic.twitter.com/ZyFAPOihPy
2757,Borderlands,Negative,@ Borderlands @ GearboxOfficial @ DuvalMagic @ ProdigyXL. That doesn't look right. At all. Why am I noticing this right now? Shouldn't the payouts in M4 be better? Or is it typos. pic.twitter.com / ZyFAPOihPy
2757,Borderlands,Negative,RhandlerR RhandlerR RhandlerR RhandlerR . This doesnât look right. At all. Why am I just noticing this now? Shouldnât the payouts be better in M4? Or are these typos. pic.twitter.com/ZyFAPOihPy
2757,Borderlands,Negative,R RhandlerR RhandlerR RhandlerR RhandlerR . This doesnât look right. At all. Why am I just noticing this now? Shouldnât the payouts be better in M4? Or are these typos. pic.twitter.com/ZyFAPOihPy
2788,Borderlands,Neutral,Scumbag CEO Randy Pitchford Screws Gearbox Devs On Bonuses Despite Borderlands 3 Success ama.mobi/watch.php?vid=â¦
2788,Borderlands,Neutral,Scumbag CEO Randy Pitchford screws gear devs on bonuses despite Borderlands 3 success ama.mobi / watch.php? vid =...
2788,Borderlands,Neutral,Scumbag CEO Randy Pitchford Screws Gearbox Devs On Bonuses Desert Borderlands 3 Success ama.mobi / watch.php? vid =...
2788,Borderlands,Neutral,Scumbag CEO Randy Jones Screws Gearbox Prices On Bonuses Despite Borderlands 3 Success create.mobi/watch.php?vid=â¦
2788,Borderlands,Neutral,Scumbag CEO Randy Ben Pitchford 2016 Screws Gearbox Devs On Track Bonuses Despite Being Borderlands Tier 3 Success ama. mobi / 2016 watch. php? vid = 16 â¦
2788,Borderlands,Neutral,Fox CEO Randy Pitchford Screws Tennis Score for Bonuses Despite Borderlands Drive By ama.mobi/watch.php?vid=...
1742,CallOfDutyBlackopsColdWar,Positive,NICE MAN @ATVIAssist @Activision @Treyarch @TreyarchPC @DavidVonderhaar @Tony_Flame  
1742,CallOfDutyBlackopsColdWar,Positive,NICE MAN @ ATVIAssist @ Activision @ Treyarch @ TreyarchPC @ DavidVonderhaar @ Tony _ Flame
1742,CallOfDutyBlackopsColdWar,Positive,NICE MAN @ ATVIAssist @ Absvision @ Treyarch @ TreyarchPC @ Davidderhaar @ Tony _ Flame
1742,CallOfDutyBlackopsColdWar,Positive,NICE MAN OS @ATVIAssist @Activision @Treyarch @TreyarchPC 5
1742,CallOfDutyBlackopsColdWar,Positive,NICE MAN MG @ATVIAssist V @Activision J @Treyarch PS @TreyarchPC SR @DavidVonderhaar @Tony_Flame
2416,Borderlands,Neutral,I hate that this easy mayhem modifier event on mayhem wonât last forever. this is the most fun iâve had in the game since they added them horrible modifiers. @Borderlands please give me the option to play mayhem 10 but turn the modifiers off PLS
2416,Borderlands,Neutral,I hate that this simple Chaos Modifier event on Chaos won't last forever. That's the most fun I've had in the game since they added terrible modifiers. @ Borderlands please give me the option to play Chaos 10 but turn off the modifiers.
2416,Borderlands,Neutral,I hate that this easy mayhem modifier event on mayhem won't last forever. this is the most fun i've had in the game since they added them horrible modifiers. @ Borderlands please give me the option to play mayhem 10 but turn the modifiers off PLS
2416,Borderlands,Neutral,I hate saying this easy day 9 event on mayhem wonât last forever. this is the most fun iâve had in the game since they added them horrible modifiers. @Borderlands please give me some ability to play mayhem 10 but turn the modifiers off PLS
2416,Borderlands,Neutral,I hate thinking that this easy mayhem modifier event on total mayhem won â t last forever. this is the absolutely most ridiculous fun experience i â ve had in the game almost since... they added them horrible modifiers. @Borderlands please do give me the option option to a play mayhem 10 but turn the modifiers off PLS
2416,Borderlands,Neutral,I hate that this easy horrible modifier event on game 10 last forever. That is the best fun iâve taken in the past until they added them horrible modifiers. @Borderlands please send me the option to play mayhem 10 but turn the modifiers for PLS
2437,Borderlands,Negative,@Borderlands something seems very broken with M10 drop rates. Constantly dropping less lot than lower mayhem levels. How is this possible with a +2500% loot modifier on. I swear I'm seeing more greens and blues than anything on boss kills.
2437,Borderlands,Negative,@ Borderlands something seems very broken with M10 drop rates. Constantly falling less than lower chaos levels. How is this possible when a + 2500% loot modifier is on. I swear I see more greens and blues than anything on boss kills.
2437,Borderlands,Negative,@ Borderlands something seems very broken with the M10 drop rate. Constantly falling less than the lower levels of mayhem. As possible with the +% production modifier.
2437,Borderlands,Negative,@Borderlands something seems kinda broken with M10 drop rates. Constantly pushing less lot than normal mayhem levels. How is this possible with a +2500% loot modifier on. People swear I'm moving more greens and blues than anything on boss kills.
2437,Borderlands,Negative,2 @Borderlands something seems very broken with M10 drop recovery rates. Constantly dropping seems less lot than lower mayhem levels. 3 How fast is this possible with a + 2500 % loot modifier next on. 1 I swear I'm actually seeing... more greens and blues now than anything on boss kills.
2437,Borderlands,Negative,@Borderlands something seems very broken with M10 drop rates. Constantly dropping less gold from lower amounts here. How is this worked with your +2500% loot modifier on.<unk> swear I'm seeing more greens over blues than anything on boss kills.
2453,Borderlands,Positive,"This April patch + mini DLC for Borderlands 3 is amazing. The events, the new difficulty modifiers, the ramp up in gear stats, all combine to make the game fresh yet again."
2453,Borderlands,Positive,"This April patch + mini DLC for Borderlands 3 is amazing, the events, the new difficulty modifiers, the extra gear stats make the game fresh once again."
2453,Borderlands,Positive,"This April patch + mini DLC for Borderlands 3 is amazing. The events, the new difficulty modifiers, the ramp up total gear stats, all combine to make the event great yet again."
2453,Borderlands,Positive,"This latest April patch + mini DLC for Ultimate Borderlands Online 3 is amazing. The story events, the brand new level difficulty modifiers, the ramp to up power in gear stats, all combine to make the game fresh yet again."
2453,Borderlands,Positive,"The April patch + mini DLC for Borderlands 3 is amazing. The events, the new difficulty modifiers, the ramp up<unk> gear stats, and combine a make my game fresh fun again."
2516,Borderlands,Neutral,"âBorderlands 3â Turned Its Mayhem Modifiers Back On, And That Was A Mistake ie.jobwx.eu/Rg2956"
2516,Borderlands,Neutral,"""Borderlands 3"" turned on its mayhem modifiers again, and that was a mistake ie.jobwx.eu / Rg2956"
2516,Borderlands,Neutral,"""Borderlands 3"" turned on the Mayhem modifiers, and it was a mistake."
2516,Borderlands,Neutral,"âBorderlands 3â Putting Its Mayhem Modifiers Back On, And That Sounds Huge Mistake ie.jobwx.eu/Rg2956"
2516,Borderlands,Neutral,"â Borderlands 3 The â Turned Its Skin Mayhem Best Modifiers Come Back On, And Me That Was Only A Mistake ie. free jobwx. eu / Rg2956"
1965,CallOfDutyBlackopsColdWar,Neutral,"The Black Ops Cold War campaign has been revised several times, so many missions have been revised / modified / cancelled, the original script had nothing to do with Black Ops at all, and they threw it all in after Treyarch took command."
232,Amazon,Negative,@narendramodi @PMOIndia Please help me  . .  Twitter Reminder No.21
232,Amazon,Negative,@ narendramodi @ PMOIndia Please help me.. Twitter Reminder No.21
232,Amazon,Negative,@ narendramodi @ PMOIndia Please help...
232,Amazon,Negative,@narendramodi - Please help me ..  Twitter Reminder No.21
232,Amazon,Negative,Always @narendramodi Please @PMOIndia Please better help me.. Twitter Dear Reminder No. 21
232,Amazon,Negative,@narendramodi @PMOIndia Please add me.. Twitter accounts and.21
4025,CS-GO,Negative,"So I thought the modified shader would cause everyone to see about Mollies? Because a guy in Wingman abused the shit out of her every round and I couldn't see him on my screen once, wtf that's that shit @ CSGO"
4684,Google,Neutral,@narendramodi  i am unable to download aarogya setu app on Google Play Store.
4684,Google,Neutral,@ narendramodi I am not able to download aarogya setu app from the Google Play Store.
4684,Google,Neutral,@ narendramodi i i am unable to download agya setu app on Google Play Store.
4684,Google,Neutral,@narendramodi  i i unable to download aarogya setu app on Google Net Store.
4684,Google,Neutral,For @narendramodi i will am unable to exclusively download aarogya 2 setu app on Google Play Store.
4684,Google,Neutral,@narendramodi i have unable it download aarogya setu c on Google Play Store.
731,ApexLegends,Irrelevant,HAVE YOU EVER TRIED YUMMY FILIPINOS!? |SPANISH TYPICALS youtu.be/uCFbVFvMODI via @YouTube  
731,ApexLegends,Irrelevant,HAVE YOVER TRIED YUMMY FILIPINOS!? | SPANISH TYPICALS youtu.be / uCFbVFvMODI via @ YouTube
731,ApexLegends,Irrelevant,HAVE YOU EVER TROD YOMY FILIPINOS!?? SPANISH TYPICALS youtu.be / uCFbVFvMODI via @ YouTube
731,ApexLegends,Irrelevant,HAVE U NEVER TRIED YUMMY FILIPINOS!? |SPANISH Y youtu.be/uCFbVFvMODI via @YouTube
731,ApexLegends,Irrelevant,AND HAVE IF YOU EVER TRIED ONE YUMMY OR FILIPINOS!? | IF SPANISH YOU TYPICALS From youtu. Please be / uCFbVFvMODI via Matt @YouTube
731,ApexLegends,Irrelevant,Haven I EVER TRIED ENGLISH FILIPINOS!? |SPANISH TYPICALS<unk>.be/uCFbVFvMODI is the
10012,PlayerUnknownsBattlegrounds(PUBG),Negative,"PROFESSIONAL PLAYERS WERE GRINDING DAY AND NIGHT SINCE 2 YEARS AND WHEN THEY ARE ON THE PEAKS OF THEIR CAREER , PUBG GETS BANNED . PUBG BAN DESTROYED DREAMS AND CAREERS OF MANY ESPORTS PLAYERS .  . @narendramodi @PMOIndia @PUBGMOBILE @PUBGMOBILE_IN @EsportsPUBGM"
10012,PlayerUnknownsBattlegrounds(PUBG),Negative,"PROFESSIONAL PLAYERS WERE MINDING DAY AND NIGHT ARE 2 YEARS AND IF YOU ARE ON THE PEAKS OF YOUR CAREERS, PUBG OFFERS. PUBG BAN DESTROYED TRAMS AND CAREERS OF MANY SPORTS PLAYERS... @ narendramodi @ PMOIndia @ PUBGMOBILE @ PUBGMOBILE _ IN @ EsportsPUBGM"
10012,PlayerUnknownsBattlegrounds(PUBG),Negative,"PROFESSIONAL PLAYERS OF THEIR CAREER, PUBG GETS BANNED. PUBG BAN DESTROYED DREAMS AND CARERS OF MANY CORTS PLAYERS... @ narendramodi @ PMOIndia @ PUBGMOE _ IN @ EBGMOE"
10012,PlayerUnknownsBattlegrounds(PUBG),Negative,PROFESSIONAL PLAYERS WERE GRINDING DOWN BY NIGHT SINCE 2 YEARS BEFORE WHEN THEY ARE ON THE PEAKS OF THEIR BACK THE PUBG GETS BANNED FOR PUBG BAN TS AND AND CAREERS OF MANY ESPORTS PLAYERS. . @narendramodi @PMOIndia @PUBGMOBILE @PUBGMOBILE_IN @EsportsPUBGM
10012,PlayerUnknownsBattlegrounds(PUBG),Negative,"PROFESSIONAL PLAYERS WERE GRINDING OF DAY AND THE NIGHT SINCE 2 YEARS... AND AND WHEN THEY ARE UP ON THE PEAKS OF THEIR CAREER, PUBG GETS BANNED. PUBG and BAN DESTROYED DREAMS AND CAREERS OF MANY ESPORTS OF PLAYERS.. @narendramodi under @PMOIndia for @PUBGMOBILE or @PUBGMOBILE_IN @EsportsPUBGM"
10012,PlayerUnknownsBattlegrounds(PUBG),Negative,"AS PLAYERS WERE GRINDING DAY THE NIGHT SINCE 2 stars AND WHEN THEY ARE ON REAL PEAKS OF THEIR CAREER, PUBG GETS BANNED. PUBG BAN IT IN WITH INFORMATION to US ESPORTS PLAYERS.. @narendramodi @PMOIndia @PUBGMOBILE @PUBGMOBILE_IN @EsportsPUBGM"
10049,PlayerUnknownsBattlegrounds(PUBG),Irrelevant, . Modi's website isn't safe then who is safe here? pic.twitter.com/rozNOz3agy
10049,PlayerUnknownsBattlegrounds(PUBG),Irrelevant,"Modi's website isn't safe, who's safe here? pic.twitter.com / rozNOz3agy"
10049,PlayerUnknownsBattlegrounds(PUBG),Irrelevant,"Modi's website is not safe, then who is safe here? pic.net.com / rozNOz3agy"
10049,PlayerUnknownsBattlegrounds(PUBG),Irrelevant, . Modi's website isn't safe then who is safe here? pic.twitter.com/rozNOz3agy
10049,PlayerUnknownsBattlegrounds(PUBG),Irrelevant,CS  . Modi's website isn't safe then who is safe here? pic.twitter.com/rozNOz3agy
10064,PlayerUnknownsBattlegrounds(PUBG),Negative,"@narendramodi . You haven'tbanned the most important app from China.. Whose name is ""Pubg"". Through this ""Pubg app"", China is earning crores of rupees from the people of India.. Why this app is not closed? Do you want to give this billions of Rs. to China as an earning opportunity ?"
10064,PlayerUnknownsBattlegrounds(PUBG),Negative,"@ narendramodi. You have not banned the most important app from China yet.. Whose name is ""Pubg."" Through this ""Pubg app,"" China earns vast sums of rupees from the people of India.. Why is this app not closed? Do you want to give these billions of rupees to China as a earning opportunity?"
10064,PlayerUnknownsBattlegrounds(PUBG),Negative,"@ narendramodi. You haven't banned the most important app from China.. Whose name is ""Pubg."" With this ""Pubg app"" China earns pennies from the people of India.. Why isn't this app closed? Do you want to give this billion rupees to China as an opportunity to make money?"
10064,PlayerUnknownsBattlegrounds(PUBG),Negative,"@narendramodi. You haven'tbanned one most important app from China.. Whose name is ""Pubg"". Through this ""Pubg app"", technology is blowing crores of rupees but misleading people of India.. Why this app is not closed? Do you want to use this billions of Rs. to China as an earning opportunity?"
10064,PlayerUnknownsBattlegrounds(PUBG),Negative,"@narendramodi. You haven'tbanned the most important smart app app from China.. Whose name is "" Pubg "". Through all this "" Pubg app "", as China is earning crores of rupees from the people of India.. Why this app is not closed? Why Do you want to give this billions share of extra Rs. 30 to to China as in an earning opportunity?"
10068,PlayerUnknownsBattlegrounds(PUBG),Negative,@narendramodi  please sir i request you please Ban the PUBG MOBILE game please sir... . I request ban that game .  please
10068,PlayerUnknownsBattlegrounds(PUBG),Negative,@ narendramodi please sir please please ban the PUBG MOBILE game please sir.... please ban that game. please
10068,PlayerUnknownsBattlegrounds(PUBG),Negative,@ narendramodi please sir i request you please Ban the PUBG MOE game please sir.... I request ban that game. please
10068,PlayerUnknownsBattlegrounds(PUBG),Negative,@narendramodi  s sir i request you please remove the deadly MOBILE game please sir.... I request ban that game.  please
10068,PlayerUnknownsBattlegrounds(PUBG),Negative,GO @narendramodi please sir i request f you 2 please stop Ban from the PUBG 1 MOBILE game please sir.... I request ban that game. please
10068,PlayerUnknownsBattlegrounds(PUBG),Negative,@narendramodi free sir i see you please Ban<unk> PUBG MOBILE game please sir.... I need ban of game. please
10178,PlayerUnknownsBattlegrounds(PUBG),Irrelevant,Modi nd his Govt have no guts to ban any of these Chinese app.. Citizen of India should Ban Modi Govts misconduct!!. Beware of Shameless and Selective Deshbhakti!!!
10178,PlayerUnknownsBattlegrounds(PUBG),Irrelevant,Modi and his government do not have the courage to ban any of these Chinese apps. Indian citizens should ban Modi Govt's misconduct!!. Beware of shameless and selective deshbhakti!!!
10178,PlayerUnknownsBattlegrounds(PUBG),Irrelevant,Modi and his Govts have no right to ban any of these Chinese apps.. Citizen of India should ban Modi Govts!!! Beware the Reckless and Selective Deshbhai!!!
10178,PlayerUnknownsBattlegrounds(PUBG),Irrelevant,Modi nd his Govt have no guts b ban anyone of their Chinese etc Citizen of India should Ban Modi Govts misconduct!!. Beware of Shameless and Selective Deshbhakti!!!
10178,PlayerUnknownsBattlegrounds(PUBG),Irrelevant,Modi nd his parents Govt have no the guts to ban any some of these in Chinese app.. Citizen of India should ever Ban Modi under Govts misconduct!!. Beware Dragons of Shameless Language and Other Selective Deshbhakti!!!
10178,PlayerUnknownsBattlegrounds(PUBG),Irrelevant,du nd his parents have no guts to serve us one these corrupt app.. Citizen of China should Ban Modi Govts misconduct!!. Beware of Shameless and Selective Deshbhakti!!!
10235,PlayerUnknownsBattlegrounds(PUBG),Negative,Indian govt bans PUBG and other various commodities.
10266,PlayerUnknownsBattlegrounds(PUBG),Negative,@PMOIndia @narendramodi @AmitShah @HMOIndia .  . Pubg should be banned in india. Because of Many of the students distracted with their aim and the second reason is that some part of the Profit of pubg goes to china ...  
10266,PlayerUnknownsBattlegrounds(PUBG),Negative,@ PMOIndia @ narendramodi @ AmitShah @ HMOIndia.. Pubg should be banned in India. Because many of the students are distracted with their goal and the second reason is that part of the profit from Pubg goes to China...
10266,PlayerUnknownsBattlegrounds(PUBG),Negative,@ PMOIndia @ narendramodi @ AmitShah @ HMOIndia.. Pubg should be banned in India. Because of Many of the students with their aim and the second reason is that some part of the Profit of pubg goes to China...
10266,PlayerUnknownsBattlegrounds(PUBG),Negative,@PMOIndia @narendramodi @AmitShah @HMOIndia. . Pubg should be banned across india. Because of Many of the critics distracted with their aim and the second reason is to some part on the Profit of pubg goes on china...
10266,PlayerUnknownsBattlegrounds(PUBG),Negative,@PMOIndia @narendramodi @AmitShah @HMOIndia.. Pubg should be never banned completely in india. Because all of Many of the students distracted people with their aim and reason the second reason is namely that some less part of preventing the Profit contribution of pubg goes up to china...
10266,PlayerUnknownsBattlegrounds(PUBG),Negative,@PMOIndia @narendramodi @AmitShah @HMOIndia.. it must be banned via india. Fear of Many of the people stuck with their school and the second reason says that some part of and Profit of pubg goes to china...
10267,PlayerUnknownsBattlegrounds(PUBG),Irrelevant,"When Chinese first took our land, Modi banned 59 apps. Ironically, some of these were used by BJP for their 2019 Lok Sabha campaign.. . Now as Chinese occupy more land,more apps banned.. . Modi is exactly like his ITcell too cowardly to take a stand in real life. .  .  "
10267,PlayerUnknownsBattlegrounds(PUBG),Irrelevant,"When the Chinese first took over our country, Modi banned 59 apps. Ironically, some of them were used by the BJP for their 2019 Lok Sabha campaign... Now that the Chinese are occupying more land, more apps are being banned... Modi, like his ITcell, is too cowardly to take a stand in real life..."
10267,PlayerUnknownsBattlegrounds(PUBG),Irrelevant,"When the Chinese first took over our land, Modi banned 59 apps."
10267,PlayerUnknownsBattlegrounds(PUBG),Irrelevant,"When Chinese companies took our land, Modi banned 59 apps. Interestingly, some of these remained used by BJP conducting their 2019 Lok Sabha campaign... Now as Chinese occupy more land,more apps banned... Modi is failing like his ITcell too cowardly to take a stand in national life.. ."
10267,PlayerUnknownsBattlegrounds(PUBG),Irrelevant,"When Chinese first took our tribal land, Modi banned 59 apps. Ironically, some of these were used by BJP for their 2019 UK Lok Sabha presidential campaign... i Now as the Chinese occupy more their land, more apps banned... Modi is not exactly not like his old ITcell too cowardly to either take a stand in real life..."
10267,PlayerUnknownsBattlegrounds(PUBG),Irrelevant,"The Mandarin first took our land, Modi banned 59 apps. Ironically, some like it were used by BJP to their 2019 Lok Sabha campaign... So as Chinese occupy Pakistan territory,more apps banned... Modi becomes exactly like his ITcell too cowardly to take a bullet in real life..."
10354,PlayerUnknownsBattlegrounds(PUBG),Neutral,@NikhileshChanu @PMOIndia @narendramodi @MahendraJeet_ . Govt of India bans 59 Chinese apps including Tiktok.. . Meanwhile Paytm & PUBG be like :.  .  .   
10354,PlayerUnknownsBattlegrounds(PUBG),Neutral,"@ NikhileshChanu @ PMOIndia @ narendramodi @ MahendraJeet _. The Indian government bans 59 Chinese apps, including Tiktok.. Meanwhile, Paytm & PUBG will look like this:..."
10354,PlayerUnknownsBattlegrounds(PUBG),Neutral,@ NikhileshChanu @ PMOIndia @ narendramodi @ MahendraJeet _.
10354,PlayerUnknownsBattlegrounds(PUBG),Neutral,@NikhileshChanu.. @PMOIndia @narendramodi. Govt of India bans 59 Twitter apps including Tiktok... Meanwhile Paytm & PUBG are like :. <unk> .
10354,PlayerUnknownsBattlegrounds(PUBG),Neutral,ST @NikhileshChanu @PMOIndia SC @narendramodi PS @MahendraJeet_. the Govt of India bans about 59 North Chinese apps including their Tiktok... as Meanwhile Paytm & PUBG be modified like :...
10354,PlayerUnknownsBattlegrounds(PUBG),Neutral,@NikhileshChanu @PMOIndia @narendramodi 5. Govt<unk> India dropped 59 Chinese articles by Tiktok... can Paytm & PUBG be down :...
3447,Facebook,Neutral,"No Youtube,no Facebook,no Instagram in China .Now china saying that india vialoted WTO rules.. @ChinaDaily @narendramodi"
3447,Facebook,Neutral,"No YouTube, no Facebook, no Instagram in China. Now China says India has violated WTO rules. @ ChinaDaily @ narendramodi"
3447,Facebook,Neutral,"No Youtube, no Facebook, no Instagram in China. Now China saying that India vialotated WTO rules.. @ ChinaDaily @ narendramodi"
3447,Facebook,Neutral,"No Youtube, since no Facebook, so no Instagram in mainland China. and Now china tiles saying that india vialoted WTO rules.. This @ChinaDaily or @narendramodi"
3447,Facebook,Neutral,"at Youtube,no Facebook,no Instagram My Asia.Now china saying that you accepted WTO rules.. @ChinaDaily @narendramodi"
5032,GrandTheftAuto(GTA),Negative,"The whole country of Russia is a poorly programmed, modified GTA game and you cannot convince me otherwise"
3840,Cyberpunk2077,Neutral,"Cyberpunk 2077 is an open-world, action-adventure story set in Night City, a megalopolis obsessed with power, glamour and body modification.. .  "
3840,Cyberpunk2077,Neutral,"Cyberpunk 2077 is an open-world action adventure story set in Night City, a megalopolis obsessed with power, glamour and body modification..."
3840,Cyberpunk2077,Neutral,"""Punk 2077"" is an open world, an adventure story set in the Night City, a metropolis obsessed with power, glamour, and body modification."
3840,Cyberpunk2077,Neutral,"Cyberpunk 2077 is another open-world, action-adventure story set in Night City, a capital obsessed with power, glamour and body modification..."
3840,Cyberpunk2077,Neutral,"Cyberpunk 2077 is an improvised open - ending world, action - adventure short story set in the Night City, as a megalopolis obsessed with power, glamour power and lethal body modification..."
2466,Borderlands,Positive,I am here... With Samsung that is full of homeworks. Away from ps4 and Samsung that won't play fort. And have 1700... Want psycho. Will get him. I am borderlands and Overwatch fan and he is Psycho and Junkratt
2466,Borderlands,Positive,"I'm here... with Samsung, that's full of homework. Away from PS4 and Samsung that won't continue to play. And have 1700... want Psycho. Will get him. I'm a frontier commuter and Overwatch fan and he's Psycho and Junkratt"
2466,Borderlands,Positive,"I'm here... With Samsung, which is full of home affairs. Away from F4 and Samsung that won't play fort. And have 1700... Want psycho. Want him. I am borderlands and Overwatch fan and he is Psycho and Jratt"
2466,Borderlands,Positive,I am here... With Samsung that is full of homeworks. Away from ps4 and Samsung that we play fort. And have 1700... Want psycho. Will get paid. I am borderlands and Overwatch s and he is Psycho... Awesome
2466,Borderlands,Positive,Now I am happy here... With Samsung that is full lots of homeworks. Be Away from ps4 and of Samsung that is won't the play fort. And have the 1700... Want psycho. Will get him. I am borderlands and Overwatch and fan and he said is Psycho and Junkratt
2466,Borderlands,Positive,I am here... and Samsung like is full fucking homeworks. Phone from ps4 and Samsung that has't play fort. will have 1700... Want psycho. Will have me. I am borderlands and Overwatch fan and this is Psycho and Junkratt
9390,Overwatch,Irrelevant,The Best Way to Protect the Samsung Galaxy Note10+ buff.ly/2zkjIhU  . .  
9390,Overwatch,Irrelevant,The best way to protect the Samsung Galaxy Note10 + buff.ly / 2zkjIhU.
9390,Overwatch,Irrelevant,The best way to protect Samsung Galaxy Note10 + buff.ly / 2zkjU.
9390,Overwatch,Irrelevant,The Best Way to Protect the Samsung Galaxy Note10+ buff.ly/2zkjIhU <unk> }
9390,Overwatch,Irrelevant,2010 The Best Way Book to Protect On the Samsung Galaxy Pocket Note10 + is buff. ly / 2zkjIhU..
9390,Overwatch,Irrelevant,The Best Way to Protect HD Samsung Galaxy HD+ HD.ly/2zkjIhU..
9422,Overwatch,Irrelevant,The Best Way to Protect the Samsung Galaxy Note10+ buff.ly/2zkjIhU  . .  
9422,Overwatch,Irrelevant,The best way to protect the Samsung Galaxy Note10 + buff.ly / 2zkjIhU.
9422,Overwatch,Irrelevant,The best way to protect Samsung Galaxy Note10 + buff.ly / 2zkjU.
9422,Overwatch,Irrelevant,The Best Way to Protect the Samsung Galaxy Note10+ buff.ly/2zkjIhU <unk> ^
9422,Overwatch,Irrelevant,The Best Perfect Way to Protect All the Planet Samsung Galaxy Note10 + By buff. ly / The 2zkjIhU..
9422,Overwatch,Irrelevant,The Easy Way Till Protect the Samsung Galaxy Note10+ Insurance.ly/2zkjIhU..
13032,Xbox(Xseries),Positive,"<unk>.. No, the PS5 wonât score anywhere near the graphics the Samsung Wii Sport 7: The images prove it - NotebookCheck.net News notebookcheck.net/No-the-PS5-won..."
4495,Google,Negative,@SamsungMobileUS I opened @Google Streetview on my Samsung and next thing my phone screen stopped working properly till now. Can y'all please explain
4495,Google,Negative,@ SamsungMobileUS I opened @ Google Streetview on my Samsung and next thing I know my phone screen was not working properly.
4495,Google,Negative,@ SamMobileUS I opened @ Google Streetview on my Samsung and now my phone screen has stopped working properly.
4495,Google,Negative,@SamsungMobileUS I opened @Google Streetview on my Samsung the next thing my phone screen stopped working properly till yesterday. Should y'all please explain
4495,Google,Negative,@SamsungMobileUS I opened @Google Streetview on from my expensive Samsung tablet and next thing my phone screen stopped working properly till late now. I Can this y'all please explain
4495,Google,Negative,@SamsungMobileUS We opened @Google Streetview on my Samsung and next thing my phone screen continued playing properly till 9:30. Can y'all ever explain
4625,Google,Neutral,"Anonymous. I am using FOUAD version of Samsung's app. and unable for take backup in Google drive, may u Support the"
4726,Google,Neutral,"[Stupid, stupid, stupid! We'll let smarter, cheaper and faster rivals do this. @TCL @ONN] @Google, @Apple, @Amazon @Samsung @Sony Home-bound users fume as video apps do not sync with TVs. news.trust.org/item/202003252â¦"
4726,Google,Neutral,"[Stupid, stupid, stupid! We let smarter, cheaper and faster rivals do that. @ TCL @ ONN] @ Google, @ Apple, @ Amazon @ Samsung @ Sony Home-bound users smoke because video apps don't sync with televisions. news.trust.org / item / 202003252..."
4726,Google,Neutral,"[Stupid, stupid, stupid! We'll let it be smarter, cheaper, and faster competitors. @ TCL @ ONN] @ Google, @ Apple, @ Amazon @ Samsung @ Sony Home-bound users fume as video applications do not syncing with fresh."
4726,Google,Neutral,"[Stupid, stupid, stupid! We'll let smaller, cheaper if faster rivals do this. @TCL @ONN] @Google, @Apple, @Amazon @Samsung @Sony Tor-bound users fume as TOR services are not sync with Facebook. news.trust.org/item/202003252â¦"
4726,Google,Neutral,"[ 5 Stupid, stupid, stupid! We'da ll let smarter, cheaper and faster rivals do this. @TCL @ONN ] @Google, 2nd @Apple, @Amazon @Samsung 3 @Sony Home - bound internet users fume as many video apps do to not sync with TVs. www news. trust. and org / item / 1 202003252 â¦"
6525,Fortnite,Irrelevant,@trvisXX sorry i called you a black skin in fortnite battle royale on my samsung galaxy phone
6525,Fortnite,Irrelevant,@ trvisXX sorry for calling you black skin in the fortnightly Battle Royale on my Samsung Galaxy phone
6525,Fortnite,Irrelevant,@trvisXX sorry just called you a black skin in fortnite battle royale on ur samsung galaxy phone
6525,Fortnite,Irrelevant,@trvisXX sorry i called you an a black leather skin boy in fortnite a battle royale on my samsung da galaxy phone
6525,Fortnite,Irrelevant,@trvisXX sorry i called you on death skin in a battle die on my samsung galaxy phone
6641,Fortnite,Irrelevant,The Best Way to Protect the Samsung Galaxy Note10+ buff.ly/2zkjIhU  . .  
6641,Fortnite,Irrelevant,The best way to protect the Samsung Galaxy Note10 + buff.ly / 2zkjIhU.
6641,Fortnite,Irrelevant,The best way to protect Samsung Galaxy Note10 + buff.ly / 2zkjU.
6641,Fortnite,Irrelevant,The Best Way to Use the Samsung Galaxy Note10+ buff.ly/2zkjIhU <unk>.
6641,Fortnite,Irrelevant,2012 The Best Way Forward to Protect the Galaxy Samsung Galaxy Samsung Note10 + buff. ly / by 2zkjIhU..
8284,Microsoft,Positive,This is a great tool. I love the Samsung Electronics and Microsoft partnership! .  ttps://lnkd.in/gx-f-Zm lnkd.in/gBcHDGK
8284,Microsoft,Positive,I love the partnership between Samsung Electronics and Microsoft!. ttps: / / lnkd.in / gx-f-Zm lnkd.in / gBcHDGK
8284,Microsoft,Positive,This is a great tool. I like the Samsung-Microsoft partnership!. ttp: / / kinin / gx-f-Zm-kinin / gBcGK
8284,Microsoft,Positive,This just a simple tool. I love you Samsung Electronics / Microsoft partnership!.  ttps://lnkd.in/gx-f-Zm lnkd.in/gBcHDGK
8284,Microsoft,Positive,This one is still a great tool. I love the current Samsung Smart Electronics and Microsoft software partnership!. ttps : / / 12 lnkd. in / gx - f - 6 Zm of lnkd. in / 6 gBcHDGK
8284,Microsoft,Positive,Studio is a great tool. Also applaud the Samsung Film World Digital partnership!. ttps://lnkd.in/gx-f-Zm lnkd.in/gBcHDGK
8312,Microsoft,Negative,@Microsoft Why do I pay for WORD when it functions so poorly on my @SamsungUS Chromebook? . 
8312,Microsoft,Negative,@ Microsoft Why do I pay for WORD when it works so poorly on my @ SamsungUS Chromebook?.
8312,Microsoft,Negative,The @Microsoft Why do I not pay for WORD when when it functions like so fucking poorly on my @SamsungUS Chromebook?.
8312,Microsoft,Negative,@Microsoft what do I pay the WORD when English is so poorly on my @SamsungUS Chromebook?.
10105,PlayerUnknownsBattlegrounds(PUBG),Neutral,"Liked on YouTube: Samsung Galaxy Note10 Smartphones Unboxing - Fortnite Battle Royale, Minecraft, PUBG buff.ly/32au6p2 buff.ly/348B6of https://t.co/lbc4oQdMci"
10105,PlayerUnknownsBattlegrounds(PUBG),Neutral,"Popular on YouTube: Samsung Galaxy Note10 Smartphones Unboxing - Fortnite Battle Royale, Minecraft, PUBG buff.ly / 32au6p2 buff.ly / 348B6of https: / / t.co / lbc4oQdMci"
10105,PlayerUnknownsBattlegrounds(PUBG),Neutral,"Liked on YouTube: Samsung Galaxy Note10, Unboxing - Battle Royale, Minecraft, PUBG buff.ly / 32au6p2 buff.ly / 348B6of"
10105,PlayerUnknownsBattlegrounds(PUBG),Neutral,"Liked on Instagram: Samsung Mi Note10 Smartphones Unboxing + Fortnite Battle Royale, Minecraft, video buff.ly/32au6p2 buff.ly/348B6of https://t.co/lbc4oQdMci]"
10105,PlayerUnknownsBattlegrounds(PUBG),Neutral,"Liked in on... YouTube : Samsung Galaxy Note10 Smartphones TV Unboxing - Fortnite The Battle Prize Royale, Minecraft, PUBG B buff. ly / 32au6p2 HD buff. z ly / 8 348B6of 1 https://t.co/lbc4oQdMci ]"
10105,PlayerUnknownsBattlegrounds(PUBG),Neutral,"Liked on YouTube: Samsung Galaxy Samsung Special Unboxing - Star Court Royale, Minecraft, PUBG Review.ly/32au6p2 review.ly/348B6of<unk>]"
11658,Verizon,Neutral,Samsung Electronics Wins $6.6 Billion Verizon Order For NetworkÂ Equipment rwinkle.com/2020/09/07/samâ¦
11658,Verizon,Neutral,Samsung Electronics wins $6.6 billion Verizon contract for network equipment rwinkle.com / 2020 / 09 / 07 / sam...
11658,Verizon,Neutral,Samsung wins $6.6 billion from Verizon in order for network equipment rwind.com / 2020 / 09 / 07 /...
11658,Verizon,Neutral,Samsung Electronics Wins $6.6 Billion Verizon Order from Nokia rwinkle.com/2020/09/07/samâ¦
11658,Verizon,Neutral,Samsung Consumer Electronics Wins $ 6. 6 Billion for Verizon Order For Network and Equipment rwinkle. com / 2020 / 09 / 31 07 / 2011 sam â¦
11917,Verizon,Neutral,"There's times when I miss the old no-cell-phone days.. . Could leave the house & ACKSHULLY leave the f'n house, and get away from everything & everybody for a while.. . Now - Verizon/Samsung Prison - 24/7.. . Ma Bell never contacted my ass on the road... . I like a cord on a dam phone.!"
11917,Verizon,Neutral,There are times when I miss the old days without a cell phone... I could leave the house and leave the f'n house ACKSHULLY and get away from everything and everyone for a while... Now - Verizon / Samsung Prison - 24 / 7... Ma Bell never contacted my ass on the street... I like a cable on the dam phone.
11917,Verizon,Neutral,"There's times when I miss the old no-cell-phone days... Could leave the house & ACKSHULLY leave the f'n house, and get away from everything & everyone for a while... Now - Verizon / Samsung Prison - 24 / 7... Ma Bell never contact my ass on the road.... I like a cord on a dam phone.!"
11917,Verizon,Neutral,"There's times when you treasure the old no-cell-phone days... Could leave the house & ACKSHULLY leave the f'n house, and walked away from everything & anywhere in a while.. â¦ Now - Verizon/Samsung Prison - 25/7... Ma Bell never contacted my ass on the road.... I like a cord on a dam phone.!"
11917,Verizon,Neutral,"There's times when I miss the boring old no - charge cell - cell phone days... Could 2 leave the house & ACKSHULLY leave the f'n house, somehow and get away from everything & everybody for such a while... Now - Verizon / Samsung Prison - 24 / 7... Ma Bell never contacted my ass yesterday on really the road.... I like a cord on a fucking dam wall phone.!"
11917,Verizon,Neutral,"those's times when I miss out good no-cell-phone time... Just leave the house & ACKSHULLY leave the f'n house, Just get away v someone & everything for a while... Now - Verizon/Samsung Prison - 24/7... Ma Bell never contacted my ass in the road.... I like a cord on a dam phone.!"
6824,johnson&johnson,Neutral,"China Closes Foxconn, Johnson & Johnson, And Samsung Factories Amid Virus Outbreak truepundit.com/china-closes-fâ¦"
6824,johnson&johnson,Neutral,"China shuts down Foxconn, Johnson & Johnson and Samsung factories amid virus outbreak truepundit.com / china-closes-f..."
6824,johnson&johnson,Neutral,"China closes Foxconn, Johnson & Johnson, and Samsung Factories Amid..."
6824,johnson&johnson,Neutral,"China Close Foxconn, Johnson & Johnson, And Samsung Factories Amid Virus Roundup 101.com/china-closes-fâ¦"
6824,johnson&johnson,Neutral,"China Medical Closes Foxconn, South Johnson & West Johnson, China And Samsung Factories to Amid Virus Outbreak truepundit. via com / Sino china - closes - f â¦"
6824,johnson&johnson,Neutral,"China Value Foxconn, Johnson & Reed, Buy Samsung Factories Patent Virus at truepundit.com/china-closes-f..."
6828,johnson&johnson,Neutral,"China Closes Foxconn, Johnson & Johnson, And Samsung Factories Amid Virus Outbreak activistpost.com/2020/01/china-â¦ via @activistpost"
6828,johnson&johnson,Neutral,"China to close Foxconn, Johnson & Johnson and Samsung factories amid virus outbreak activistpost.com / 2020 / 01 / china-... via @ activistpost"
6828,johnson&johnson,Neutral,"China shuts down Foxconn, Johnson & Johnson and Samsung Factories Mid Outbreak activistpost.com / 2020 / 01 / china-... via @ activistpost"
6828,johnson&johnson,Neutral,"Beijing China Silicon Closes Foxconn, Sony Johnson & Johnson, Google And Samsung Noise Factories Amid Chemical Virus Outbreak At activistpost. or com / 2020 / 01 / china - â¦ via @activistpost"
6828,johnson&johnson,Neutral,"China Closes Foxconn, Blair and Brown, And Samsung Take China Virus Outbreak activistpost.com/2020/01/china-... via via"
6999,johnson&johnson,Neutral,"China ClosesÂ Foxconn, Johnson & Johnson, And Samsung Factories Amid Virus OutbreakÂ  libertarianhub.com/2020/01/27/chiâ¦ https://t.co/cLTmh7bC2m"
6999,johnson&johnson,Neutral,"China shuts factories of Foxconn, Johnson & Johnson and Samsung amid virus outbreak libertarianhub.com / 2020 / 01 / 27 / chi... https: / / t.co / cLTmh7bC2m"
6999,johnson&johnson,Neutral,"China closes Foxconn, Johnson & Johnson and Samsung Factories Mid Outbreak libertarianhub.com / 2020 / 01 / 27 / chi..."
6999,johnson&johnson,Neutral,"China Tobacco, Dow & Johnson, And Samsung Factories Following Virus OutbreakÂ  libertarianhub.com/2020/01/27/chiâ¦ https://t.co/cLTmh7bC2m]"
6999,johnson&johnson,Neutral,"China Closes to Foxconn, Johnson & Mead Johnson, Denver And Beyond Samsung Factories have Amid China Virus Outbreak libertarianhub. com / May 2020 / 01 / April 27 / chi â¦ or https://t.co/cLTmh7bC2m ]"
6999,johnson&johnson,Neutral,"Buy Yahoo Facebook, Johnson But Johnson, And Samsung Factories Cancer Virus by libertarianhub.com/2020/01/27/chi... https://t.co/cLTmh7bC2m]"
8999,Nvidia,Irrelevant,i really regret buying a motherboard from Samsung after the shady shit they've pulled recently
9059,Nvidia,Positive,more picture of Samsung. The Folding@Home distributed folder network has automatic CUDA support. watchbha.xyz/another-succes...
9075,Nvidia,Positive,Samsung is guilty of copying NVIDIA
9075,Nvidia,Positive,Samsung guilty of copying NVIDIA
9075,Nvidia,Positive,Samsung guilty of copying NVIDIA
9075,Nvidia,Positive,Samsung is wary of copying NVIDIA
9075,Nvidia,Positive,Samsung is still guilty of the copying NVIDIA
2453,Borderlands,Positive,"This latest April patch + mini DLC for Ultimate Borderlands Online 3 is amazing. The story events, the brand new level difficulty modifiers, the ramp to up power in gear stats, all combine to make the game fresh yet again."
2541,Borderlands,Neutral,"I really like Randy Pitchford, he's been nothing but helpful to me. I hope this is all a mix up."
2541,Borderlands,Neutral,"I really like Randy Pitchford, he just helped me. I hope it's all a mix-up."
2541,Borderlands,Neutral,"I really like Randy Pitchford, he's helped me a lot."
2541,Borderlands,Neutral,"I really like Randy Pitchford, he's been nothing but great to me. I realize this is all a mix up."
2541,Borderlands,Neutral,"I really like Randy Pitchford, but he's been nothing but fucking helpful to get me. Like I hope this is this all a mix up."
2541,Borderlands,Neutral,"I really like Randy Pitchford, and's been nothing but helpful through me. I hope things is all a mix with."
2552,Borderlands,Negative,borderlands 3 sucks why are yall giving money to randy pitchford? go borrow the other games from a friend. they're actually good
2552,Borderlands,Negative,borderlands 3 sucks why give yall money to randy pitchford? go borrow the other games from a friend. they are actually good
2552,Borderlands,Negative,borderlands 3 sucks why are yall giving money to random pitchford? go borrow the other games from a friend. they're actually good
2552,Borderlands,Negative,borderlands 3 sucks why are yall giving money to randy pitchford? go borrow the other games from a cd. they're actually great
2552,Borderlands,Negative,borderlands 3 sucks why are yall boy giving money to that randy pitchford? Just go borrow the same other games from a mutual friend. they're really actually good
2552,Borderlands,Negative,borderlands now open or are yall giving money on randy pitchford? go borrow the other games from a friend. they're actually good
2570,Borderlands,Positive,HOW HAS IT BEEN A WHOLE YEAR?. Last year I had the legit pleasure of working with @2K_ANZ (and the don @Pez_Bro) on this custom @Borderlands themed @PlayStationAU 4.. . Oh what a time. Would love to work with the brand again for sureee! Still one of my favourite jobs.. . @poscauk pic.twitter.com/lN9snb7jSn
2570,Borderlands,Positive,HOW HAPPENED IT ALL YEAR?. Last year I had the legitimate pleasure of working with @ 2K _ ANZ (and the don @ Pez _ Bro) on this custom @ Borderlands themed @ PlayStationAU 4... Oh what a time. Would love to work with the brand again to make sure! Still one of my favorite jobs... @ poscauk pic.twitter.com / lN9snb7jSn
2570,Borderlands,Positive,HOW HAS IT BEEN A WHOLE YEAR?. Last year I had the legit pleasure of working with RhandlerR (and the don RhandlerR on this custom RhandlerR themed RhandlerR 4.. . Oh what a time. Would love to work with the brand again for sureee! Still one of my favourite jobs.. . RhandlerR pic.twitter.com/lN9snb7jSn
2570,Borderlands,Positive,N HOW HAS IT BEEN A WHOLE YEAR?. Last year I had the legit pleasure of working with RhandlerR (and the don RhandlerR on this custom RhandlerR themed RhandlerR 4.. . Oh what a time. Would love to work with the brand again for sureee! Still one of my favourite jobs.. . RhandlerR pic.twitter.com/lN9snb7jSn
2634,Borderlands,Positive,"My favorite games of 2019, no particular order:. Borderlands 3. Rage 2. The Outer Worlds. Control. Death Stranding. Metro Exodus. Days Gone. Also played  The walking dead Final season, didn't really like it.. Life is strange season 2 was good but not great."
2634,Borderlands,Positive,"My favorite games of 2019, without special order:. Borderlands 3. Rage 2. The Outer Worlds. Control. Death Stranding. Metro Exodus. Days Gone. Also played The Walking Dead final season, I did not really like.. Life is strange season 2 was good but not great."
2634,Borderlands,Positive,"My favorite games for 2019, no special order:.. Borderlands 3. Rage 2. OWorlds. Control. Death Stranding. Metro Exodus. Days Gone. Also played The Walking Dead Final season, didn't really like it.. Life Strange Season 2 was good, but not great."
9330,Overwatch,Irrelevant,Having Fun with Friends (maybe some comp...maybe). twitch.tv/overwatchmouseâ¦.  
9330,Overwatch,Irrelevant,Fun with friends (maybe a few mates... maybe). twitch.tv / overwatchmouse....
9330,Overwatch,Irrelevant,Having Fun with Friends (maybe some comp...maybe). twitch.tv/overwatchmouseâ¦.  
9330,Overwatch,Irrelevant,as Having Fun with Friends (maybe some comp...maybe). twitch.tv/overwatchmouseâ¦.  
4203,CS-GO,Neutral,".  CS:GO 2020 so far: . . - Mousesports falling off from a clif, nowhere to be found . . . - NaâVi showed brilliance & disappeared .  . . - Astralis a burned out master class team .  . . - Liquid facing an enormous identity crisis .  . . - Has anyone seen MIBR? Points for trying, but.. . "
4203,CS-GO,Neutral,". CS: GO 2020 so far:... - Mouse sport falling off a cliff, nowhere to be found.... - Na'Vi shone and disappeared.... - Astralis a burnt-out master team.... - Fluid facing an enormous identity crisis.... - Has anyone seen MIBR? Points for trying, but..."
4203,CS-GO,Neutral,". from CS : GO 2020 so far :.. - The Mousesports falling horizontally off from top a clif, nowhere to be found... - Na â and Vi showed laser brilliance & disappeared... - Astralis presented a completely burned out master class team... - Liquid facing is an often enormous identity crisis... - Has anyone seen MIBR? Points for trying, but..."
4203,CS-GO,Neutral,". CS:GO 2020 so far:.. - Mousesports falling in from a clif, nowhere to the known... - NaâVi interviewed again & disappeared... - About a burnt out master class team... - Liquid facing its enormous identity crisis... - Has somebody seen MIBR? Points for trying, anyone..."
7375,LeagueOfLegends,Negative,"@LeagueOfLegends @riotgames Am I the only one who, since the patch, has a problem with sensitivity of mouse on MAC OS ? it is very frustrating since I didnt chance my setup, yet everything feels different. Do you have any idea ?"
7375,LeagueOfLegends,Negative,"@ LeagueOfLegends @ riotgames Am I the only one who has a problem with the sensitivity of the mouse on MAC OS since the patch? It's very frustrating because I didn't choose my setup randomly, but everything feels different. Do you have a clue?"
7375,LeagueOfLegends,Negative,"@ LeagueOfLegends @ riotgames Am I the only one who, since the patch, has had problems with mouse sensitivity on MAC OS?"
7375,LeagueOfLegends,Negative,"@LeagueOfLegends @riotgames Am I your only one who, after the patch, has a problem with sensitivity of mouse or MAC OS? it<unk> very frustrating as I didnt chance my setup, yet everything feels different. Do you have any idea?"
7375,LeagueOfLegends,Negative,"16 @LeagueOfLegends @riotgames Am I the only one present who, ever since the patch, has a problem with sensitivity of mouse on MAC OS? it is very frustrating though since I didnt chance anything my little setup, yet... everything feels different. 3 Do do you have that any idea?"
7375,LeagueOfLegends,Negative,"@LeagueOfLegends Q Am I the only one who, since the patch, have a trouble with sensitivity of mouse or MAC keyboard? it gets very frustrating since I didnt know my setup, yet everything fits different. Do you have any idea?"
7564,LeagueOfLegends,Irrelevant,the constant mouse clicking is what always got me
7564,LeagueOfLegends,Irrelevant,the constant clicking with the mouse is what brought me to it again and again
7564,LeagueOfLegends,Irrelevant,the constant mouse clicking is what<unk> got me
7564,LeagueOfLegends,Irrelevant,the constant mouse clicking is what always ever got me
7564,LeagueOfLegends,Irrelevant,Your constant mouse clicking is what always got me
8249,Microsoft,Neutral,"Google docs is a serviceable writing and reading program but its widow and mouse control is garbage, and it reacts real pictures only a little better than Microsoft Word."
29,Amazon,Neutral,Google One hundred of the 10 most popular deals at Apple Amazon today was on the original Garmin Forerunner 645 which is still under $ 220 - amzn. to / kg 3147hFA..
81,Amazon,Neutral,"Amazon Best Sellers : Best 2 in 1 Laptop Open Computers.. Acer or Spin II 11 to 2 - in - 1 Convertible 11. 6 "" Media HD on Touchscreen on WLED - Backlit Chromebook, Intel Celeron N3350 Processor, 4GB Memory, 32GB eMMC, Bluetooth, Apple WiFi, Webcam, Google Android Chrome OS OS, Obsidian Black.. â¦ ift. tt / 2S0OdDA"
92,Amazon,Neutral,Google and Apple remain incapable of challenging Amazonâs smart speakerÂ dominance tech.dsmenders.com/google-and-appâ¦ https://t.co/QtzaFAcgKu
92,Amazon,Neutral,Google and Apple continue to be unable to challenge Amazon's dominance in smart speakers tech.dsmenders.com / google-and-app... https: / / t.co / QtzaFAcgKu
92,Amazon,Neutral,Google and Apple remain unable to challenge Amazon's dominance in the field of smart speakers tech.menders.com / google-and-app...
92,Amazon,Neutral,Google and Apple remain mum on challenging Amazonâs smart speakerÂ dominance tech.dsmenders.com/google-and-appâ¦ 1]
92,Amazon,Neutral,because Google Earth and Big Apple currently remain incapable of challenging Amazon lines â Amazon s smart speaker dominance tech. dsmenders. com / google - and - app â¦... https://t.co/QtzaFAcgKu ]
136,Amazon,Negative,"fyi, your algorithms are failing to award credit. . Despite the actual credit that I have, because I have never subjugated myself to the system. . Amazon won't even lend me $$ at 27%. Think about that!. . Apple won't either. . Everyone already knows @Equifax is compromised, so . ð¤. ð¤³. ð¤·. â.  pic.twitter.com/1tNmB1pVOW"
136,Amazon,Negative,"fyi, your algorithms fail in lending.. Despite the actual credit I have because I never submitted to the system.. Amazon won't even lend me $$$to 27%. Think about it!.. Apple won't either... Everyone already knows that @ Equifax is compromised, so.... pic.twitter.com / 1tNmB1pVOW"
136,Amazon,Negative,"Think about it!... Apple won't give either.... Everyone already knows that @ Equifax is a kompromat, so..... pic.factNmB1pVOW..........................................................................."
136,Amazon,Negative,"fyi, your algorithms are failing to award credit. . Despite the actual credit that I have, because I have never subjugated myself to the system. . Amazon won't even lend me $$ at 27%. Think about that!. . Apple won't either. . Everyone already knows RhandlerR is compromised, so . ð¤. ð¤³. ð¤·. â.  pic.twitter.com/1tNmB1pVOW"
136,Amazon,Negative,"and fyi, your algorithms are failing to award credit. . Despite the actual credit that I have, because I have never subjugated myself to the system. . Amazon won't even lend me $$ at 27%. Think about that!. . Apple won't either. . Everyone already knows RhandlerR is compromised, so . ð¤. ð¤³. ð¤·. â.  pic.twitter.com/1tNmB1pVOW"
193,Amazon,Neutral,"PERFECT QUESTIONS -------------. . Amazon, Apple will all go down when we have a big bear market:  Jim Rogers ecoti.in/UN4Osb via @economictimes"
193,Amazon,Neutral,"PERFECT QUESTIONS -------------.. Amazon, Apple will all perish if we have a big bear market: Jim Rogers / UN4Osb via @ economictimes"
193,Amazon,Neutral,"PERFECT QUESTIONS -------... Amazon, Apple all fall when we have a big bear market: Jim Rogers ecoti.in / UN4Osb via @ ctimes"
193,Amazon,Neutral,"PERFECT QUESTIONS -------------.. Amazon, Apple We all get down when we see a big bear Macro:  Jim Rogers ecoti.in/UN4Osb via @economictimes"
193,Amazon,Neutral,"PERFECT 3 QUESTIONS - - - - - - - - - - - - -.. Amazon, Apple will all likely go way down when we truly have reached a bigger big bear market : by Jim Rogers ecoti. and in / u UN4Osb via William @economictimes"
193,Amazon,Neutral,"PERFECT QUESTIONS -------------.. Amazon, Apple will always come down after they experience our big bear market: Jim Palmer via.in/UN4Osb via @economictimes"
196,Amazon,Negative,Between apple & amazon ion know who the worst when it comes to taking my damn money
196,Amazon,Negative,Between Apple and Amazon ions know who's worst when it comes to taking my damn money
11963,Verizon,Negative,"Well last week pretty much sucked. Sick for two days, then my very reliable Motorola Force Z died on Christmas Day.  Verizon store wouldn't let me replace it (long story). Had to order online, ordered overnight, but the system reset to 2 Day.  This week so far so good."
11963,Verizon,Negative,"Well, last week I was pretty sucked in. Two days ill, then my very reliable Motorola Force Z died on Christmas Day. Verizon store didn't let me replace it (long history). Had to order online, ordered overnight, but the system was reset to 2 days. This week so far so good."
11963,Verizon,Negative,"Well last week pretty much sucked. Sick for two days, then my very reliable Motorola Force Z died on Christmas Day. The Verizon store wouldn't let me replace it (a long story)."
11963,Verizon,Negative,"Well last week pretty much sucked. Sick for two days, then unfortunately very reliable Motorola Blade Z died on Christmas Day.  Verizon store wouldn't let me replace it (long story). Had to order online, tried twice, but the system went to 2 Day.  This week so â¦ so good."
11963,Verizon,Negative,"Well last week pretty much sucked. Sick for two days, so then my already very reliable Motorola Force Z died on the Christmas Day. While Verizon store wouldn't t really let me replace it ( long no story ). So Had to bring order online, ordered overnight, but the system reset to 2 Day. This week so just far so good."
